Unknown_001.wav,TenorTrombone
Unknown_002.wav,Cello
Unknown_003.wav,Marimba
Unknown_004.wav,Marimba
Unknown_005.wav,EbClarinet
Unknown_006.wav,Viola
Unknown_007.wav,TenorTrombone
Unknown_008.wav,TenorTrombone
Unknown_009.wav,Viola
Unknown_010.wav,BbClarinet
Unknown_011.wav,BassClarinet
Unknown_012.wav,BbClarinet
Unknown_013.wav,Viola
Unknown_014.wav,Violin
Unknown_015.wav,Cello
Unknown_016.wav,Cello
Unknown_017.wav,TenorTrombone
Unknown_018.wav,BbClarinet
Unknown_019.wav,Cello
Unknown_020.wav,BassClarinet
Unknown_021.wav,BbClarinet
Unknown_022.wav,Viola
Unknown_023.wav,BbClarinet
Unknown_024.wav,BbClarinet
Unknown_025.wav,Cello
Unknown_026.wav,BassTrombone
Unknown_027.wav,Marimba
Unknown_028.wav,Marimba
Unknown_029.wav,BbClarinet
Unknown_030.wav,BassClarinet
Unknown_031.wav,BbClarinet
Unknown_032.wav,EbClarinet
Unknown_033.wav,BassClarinet
Unknown_034.wav,Cello
Unknown_035.wav,BbClarinet
Unknown_036.wav,BassTrombone
Unknown_037.wav,BassClarinet
Unknown_038.wav,BbClarinet
Unknown_039.wav,TenorTrombone
Unknown_040.wav,BassTrombone
Unknown_041.wav,BassClarinet
Unknown_042.wav,BbClarinet
Unknown_043.wav,Marimba
Unknown_044.wav,Violin
Unknown_045.wav,Viola
Unknown_046.wav,BbClarinet
Unknown_047.wav,TenorTrombone
Unknown_048.wav,BassClarinet
Unknown_049.wav,Marimba
Unknown_050.wav,BassTrombone
Unknown_051.wav,Marimba
Unknown_052.wav,TenorTrombone
Unknown_053.wav,BbClarinet
Unknown_054.wav,Violin
Unknown_055.wav,BassTrombone
Unknown_056.wav,BbClarinet
Unknown_057.wav,BassClarinet
Unknown_058.wav,Viola
Unknown_059.wav,Viola
Unknown_060.wav,Cello
Unknown_061.wav,Marimba
Unknown_062.wav,BbClarinet
Unknown_063.wav,Viola
Unknown_064.wav,Marimba
Unknown_065.wav,Violin
Unknown_066.wav,Cello
Unknown_067.wav,Cello
Unknown_068.wav,Marimba
Unknown_069.wav,BassClarinet
Unknown_070.wav,Marimba
Unknown_071.wav,Viola
Unknown_072.wav,BassClarinet
Unknown_073.wav,Marimba
Unknown_074.wav,Cello
Unknown_075.wav,BbClarinet
Unknown_076.wav,Cello
Unknown_077.wav,BbClarinet
Unknown_078.wav,Violin
Unknown_079.wav,BassClarinet
Unknown_080.wav,BassClarinet
Unknown_081.wav,BassClarinet
Unknown_082.wav,EbClarinet
Unknown_083.wav,Viola
Unknown_084.wav,TenorTrombone
Unknown_085.wav,Violin
Unknown_086.wav,TenorTrombone
Unknown_087.wav,Violin
Unknown_088.wav,Marimba
Unknown_089.wav,BassTrombone
Unknown_090.wav,BbClarinet
Unknown_091.wav,Violin
Unknown_092.wav,BassClarinet
Unknown_093.wav,Marimba
Unknown_094.wav,BassTrombone
Unknown_095.wav,TenorTrombone
Unknown_096.wav,Violin
Unknown_097.wav,Marimba
Unknown_098.wav,BbClarinet
Unknown_099.wav,Marimba
Unknown_100.wav,Marimba
Unknown_101.wav,Viola
Unknown_102.wav,Cello
Unknown_103.wav,BassClarinet
Unknown_104.wav,BbClarinet
Unknown_105.wav,Marimba
Unknown_106.wav,BbClarinet
Unknown_107.wav,BassTrombone
Unknown_108.wav,Viola
Unknown_109.wav,Marimba
Unknown_110.wav,BbClarinet
Unknown_111.wav,BassTrombone
Unknown_112.wav,BassTrombone
Unknown_113.wav,Violin
Unknown_114.wav,EbClarinet
Unknown_115.wav,Viola
Unknown_116.wav,BassClarinet
Unknown_117.wav,BassClarinet
Unknown_118.wav,Marimba
Unknown_119.wav,BassClarinet
Unknown_120.wav,Viola
Unknown_121.wav,Marimba
Unknown_122.wav,EbClarinet
Unknown_123.wav,BbClarinet
Unknown_124.wav,TenorTrombone
Unknown_125.wav,BassClarinet
Unknown_126.wav,BbClarinet
Unknown_127.wav,Viola
Unknown_128.wav,Marimba
Unknown_129.wav,BassClarinet
Unknown_130.wav,BbClarinet
Unknown_131.wav,BbClarinet
